{"cameraMode":{"drawMode":0,"name":"Shaded","section":"Shading Mode"},"sceneLighting":false,"audioPlay":false,"sceneViewState":{"m_AlwaysRefresh":false,"showFog":true,"showSkybox":false,"showFlares":true,"showImageEffects":true,"showParticleSystems":true,"showVisualEffectGraphs":true,"m_FxEnabled":true},"in2DMode":false,"pivot":{"x":0.3323688507080078,"y":0.8082585334777832,"z":-0.0338902473449707},"rotation":{"x":0.3238300085067749,"y":0.3849771022796631,"z":-0.14636291563510896,"w":0.8517666459083557},"size":2.7220020294189455,"orthographic":false}